,titulo,upvotes,id,comentarios,creado,autor
0,Policía poniendo el escudo a los choris ,666,1dqluil,81,2024-06-28 12:07:00,RedJohn9696
1,"Alumnos de la escuela técnica N° 1 de Lules, provincia de Tucumán, desfilaron como cadetes militares en acto patrio.",487,1dqtb8r,130,2024-06-28 17:23:43,Mate_Con_Pizza
2,Peores inflaciones,370,1dq9wn6,102,2024-06-28 00:22:02,JOakkon91
3,El sindicato se enojó conmigo en el laburo,354,1dqtuvd,132,2024-06-28 17:47:49,Aloe_Verga0501
4,Aged like milk,328,1dqip6q,48,2024-06-28 09:40:55,sirabaddon
5,Así queda el cuadro de Ganancias luego de la aprobación del paquete fiscal ,294,1dqk55w,358,2024-06-28 10:52:14,nikolaibk
6,Bullrich presentará un proyecto de ley para bajar la edad de imputabilidad a 13 años,289,1dqnl7s,104,2024-06-28 13:19:32,mega4042
7,Javier Milei confirmó la baja del Impuesto País: le puso cifra y fecha,229,1dqlpbp,164,2024-06-28 12:01:02,Mati4s_rp
8,Diputados aprobó la Ley Bases y el paquete fiscal luego de intenso debate,214,1dqbht7,170,2024-06-28 01:50:14,mega4042
9,"Tardamos 6 meses... se recortó el proyecto... y aún así es 5 veces más grande que la reforma del '94. La foto no tiene NADA QUE VER, pero salí linda.",191,1dqgna8,71,2024-06-28 07:41:20,Fernesaso
